,avg_positive_sim,avg_negative_sim,margin
original,0.384945847094059,0.11575397130634103,0.26919187578771797
fine-tuned,0.46392607263156344,0.0760879742779902,0.38783809835357325
